712.83,9.9004,123.35,125.36
836.85,10.99,123.32,125.38
960.88,12.08,123.3,125.4
1084.9,13.17,123.28,125.43
1208.9,14.26,123.26,125.45
1332.9,15.35,123.24,125.47
1457,16.44,123.21,125.49
1581,17.53,123.19,125.51
1705,18.62,123.17,125.53
1829,19.71,123.15,125.56
1953,20.799,123.13,125.58
2077.1,21.889,123.11,125.6
2201.1,22.979,123.08,125.62
2325.1,24.069,123.06,125.64
2449.1,25.159,123.04,125.67
712.18,134.15,123.32,125.38
836.18,135.26,123.3,125.4
960.18,136.37,123.28,125.43
1084.2,137.48,123.26,125.45
1208.2,138.6,123.24,125.47
1332.2,139.71,123.21,125.49
1456.2,140.82,123.19,125.51
1580.2,141.93,123.17,125.53
1704.2,143.04,123.15,125.56
1828.2,144.15,123.13,125.58
1952.2,145.27,123.11,125.6
2076.2,146.38,123.08,125.62
2200.2,147.49,123.06,125.64
2324.2,148.6,123.04,125.67
2448.2,149.71,123.02,125.69
711.52,258.4,123.3,125.4
835.5,259.53,123.28,125.43
959.48,260.66,123.26,125.45
1083.5,261.8,123.24,125.47
1207.4,262.93,123.21,125.49
1331.4,264.07,123.19,125.51
1455.4,265.2,123.17,125.53
1579.4,266.33,123.15,125.56
1703.3,267.47,123.13,125.58
1827.3,268.6,123.11,125.6
1951.3,269.73,123.08,125.62
2075.3,270.87,123.06,125.64
2199.3,272,123.04,125.67
2323.2,273.13,123.02,125.69
2447.2,274.27,123,125.71
710.87,382.65,123.28,125.43
834.83,383.8,123.26,125.45
958.78,384.96,123.24,125.47
1082.7,386.11,123.21,125.49
1206.7,387.27,123.19,125.51
1330.7,388.42,123.17,125.53
1454.6,389.58,123.15,125.56
1578.6,390.73,123.13,125.58
1702.5,391.89,123.11,125.6
1826.5,393.04,123.08,125.62
1950.4,394.2,123.06,125.64
2074.4,395.35,123.04,125.67
2198.3,396.51,123.02,125.69
2322.3,397.67,123,125.71
2446.3,398.82,122.98,125.73
710.22,506.9,123.26,125.45
834.15,508.07,123.24,125.47
958.09,509.25,123.21,125.49
1082,510.43,123.19,125.51
1206,511.6,123.17,125.53
1329.9,512.78,123.15,125.56
1453.8,513.96,123.13,125.58
1577.8,515.13,123.11,125.6
1701.7,516.31,123.08,125.62
1825.6,517.49,123.06,125.64
1949.6,518.67,123.04,125.67
2073.5,519.84,123.02,125.69
2197.4,521.02,123,125.71
2321.4,522.2,122.98,125.73
2445.3,523.37,122.95,125.75
698.12,723.51,122.06,124.52
821.71,724.22,122.17,124.58
945.29,724.93,122.28,124.63
1068.9,725.64,122.39,124.68
1192.5,726.35,122.5,124.74
1316,727.06,122.6,124.79
1439.6,727.76,122.71,124.85
1563.2,728.47,122.82,124.9
1686.8,729.18,122.93,124.96
1810.4,729.89,123.04,125.01
1934,730.6,123.15,125.07
2057.6,731.31,123.26,125.12
2181.1,732.01,123.37,125.18
2304.7,732.72,123.48,125.23
2428.3,733.43,123.59,125.28
696.49,847.27,122.17,124.58
820.18,848.03,122.28,124.63
943.87,848.8,122.39,124.68
1067.6,849.56,122.5,124.74
1191.3,850.32,122.6,124.79
1315,851.09,122.71,124.85
1438.7,851.85,122.82,124.9
1562.3,852.61,122.93,124.96
1686,853.37,123.04,125.01
1809.7,854.14,123.15,125.07
1933.4,854.9,123.26,125.12
2057.1,855.66,123.37,125.18
2180.8,856.43,123.48,125.23
2304.5,857.19,123.59,125.28
2428.2,857.95,123.69,125.34
694.85,971.03,122.28,124.63
818.65,971.85,122.39,124.68
942.46,972.66,122.5,124.74
1066.3,973.48,122.6,124.79
1190.1,974.3,122.71,124.85
1313.9,975.12,122.82,124.9
1437.7,975.93,122.93,124.96
1561.5,976.75,123.04,125.01
1685.3,977.57,123.15,125.07
1809.1,978.39,123.26,125.12
1932.9,979.2,123.37,125.18
2056.7,980.02,123.48,125.23
2180.5,980.84,123.59,125.28
2304.3,981.66,123.69,125.34
2428.1,982.47,123.8,125.39
693.22,1094.8,122.39,124.68
817.13,1095.7,122.5,124.74
941.04,1096.5,122.6,124.79
1065,1097.4,122.71,124.85
1188.9,1098.3,122.82,124.9
1312.8,1099.1,122.93,124.96
1436.7,1100,123.04,125.01
1560.6,1100.9,123.15,125.07
1684.5,1101.8,123.26,125.12
1808.4,1102.6,123.37,125.18
1932.3,1103.5,123.48,125.23
2056.3,1104.4,123.59,125.28
2180.2,1105.3,123.69,125.34
2304.1,1106.1,123.8,125.39
2428,1107,123.91,125.45
691.58,1218.5,122.5,124.74
815.6,1219.5,122.6,124.79
939.62,1220.4,122.71,124.85
1063.6,1221.3,122.82,124.9
1187.7,1222.3,122.93,124.96
1311.7,1223.2,123.04,125.01
1435.7,1224.1,123.15,125.07
1559.7,1225,123.26,125.12
1683.8,1226,123.37,125.18
1807.8,1226.9,123.48,125.23
1931.8,1227.8,123.59,125.28
2055.8,1228.7,123.69,125.34
2179.8,1229.7,123.8,125.39
2303.9,1230.6,123.91,125.45
2427.9,1231.5,124.02,125.5
693.22,1430.6,122.89,124.9
817.02,1431.6,122.95,124.85
940.82,1432.7,123.02,124.79
1064.6,1433.7,123.08,124.74
1188.4,1434.7,123.15,124.68
1312.2,1435.8,123.21,124.63
1436,1436.8,123.28,124.58
1559.8,1437.8,123.35,124.52
1683.6,1438.9,123.41,124.47
1807.4,1439.9,123.48,124.41
1931.2,1440.9,123.54,124.36
2055.1,1442,123.61,124.3
2178.9,1443,123.67,124.25
2302.7,1444,123.74,124.19
2426.5,1445.1,123.8,124.14
692.23,1554.5,122.95,124.85
816.1,1555.5,123.02,124.79
939.97,1556.5,123.08,124.74
1063.8,1557.5,123.15,124.68
1187.7,1558.4,123.21,124.63
1311.6,1559.4,123.28,124.58
1435.4,1560.4,123.35,124.52
1559.3,1561.4,123.41,124.47
1683.2,1562.4,123.48,124.41
1807.1,1563.3,123.54,124.36
1930.9,1564.3,123.61,124.3
2054.8,1565.3,123.67,124.25
2178.7,1566.3,123.74,124.19
2302.5,1567.3,123.8,124.14
2426.4,1568.2,123.87,124.09
691.25,1678.4,123.02,124.79
815.19,1679.4,123.08,124.74
939.12,1680.3,123.15,124.68
1063.1,1681.2,123.21,124.63
1187,1682.1,123.28,124.58
1310.9,1683.1,123.35,124.52
1434.9,1684,123.41,124.47
1558.8,1684.9,123.48,124.41
1682.7,1685.8,123.54,124.36
1806.7,1686.8,123.61,124.3
1930.6,1687.7,123.67,124.25
2054.5,1688.6,123.74,124.19
2178.5,1689.5,123.8,124.14
2302.4,1690.5,123.87,124.09
2426.3,1691.4,123.93,124.03
690.27,1802.4,123.08,124.74
814.27,1803.2,123.15,124.68
938.27,1804.1,123.21,124.63
1062.3,1805,123.28,124.58
1186.3,1805.8,123.35,124.52
1310.3,1806.7,123.41,124.47
1434.3,1807.6,123.48,124.41
1558.3,1808.5,123.54,124.36
1682.3,1809.3,123.61,124.3
1806.3,1810.2,123.67,124.25
1930.3,1811.1,123.74,124.19
2054.3,1811.9,123.8,124.14
2178.3,1812.8,123.87,124.09
2302.3,1813.7,123.93,124.03
2426.3,1814.6,124,123.98
689.29,1926.3,123.15,124.68
813.36,1927.1,123.21,124.63
937.42,1927.9,123.28,124.58
1061.5,1928.7,123.35,124.52
1185.6,1929.5,123.41,124.47
1309.6,1930.4,123.48,124.41
1433.7,1931.2,123.54,124.36
1557.7,1932,123.61,124.3
1681.8,1932.8,123.67,124.25
1805.9,1933.6,123.74,124.19
1929.9,1934.4,123.8,124.14
2054,1935.3,123.87,124.09
2178.1,1936.1,123.93,124.03
2302.1,1936.9,124,123.98
2426.2,1937.7,124.06,123.92
